{
    "Sun": {
        "mu": 1.3271244004193939e+20,
        "state": [
            -382446042.0038474,
            -822179561.2587985,
            18207432.4296196,
            12.124106058295409,
            1.524019073237925,
            -0.242937692919576
        ]
    },
    "Mercury": {
        "mu": 22031868550000.0,
        "state": [
            -59484010545.39254,
            -14138364260.07398,
            4350629859.97398,
            602.0470130047652,
            -45426.86225273868,
            -3766.897484204248
        ]
    },
    "Venus": {
        "mu": 324858592000000.0,
        "state": [
            92153321309.08293,
            55328018669.09437,
            -4549636525.406504,
            -18265.144344563003,
            29790.35226168731,
            1463.605242061472
        ]
    },
    "Earth": {
        "mu": 398600435436000.0,
        "state": [
            -148003044342.3478,
            17173561175.08375,
            18271172.2293254,
            -4086.5882221940615,
            -29684.85564088994,
            0.7705410358660458
        ]
    },
    "Mars": {
        "mu": 42828375662000.0,
        "state": [
            175478916135.9977,
            -109423927608.8385,
            -6569946055.261977,
            13667.138810878081,
            22690.63003526492,
            140.4018870871582
        ]
    },
    "Jupiter": {
        "mu": 1.266865319e+17,
        "state": [
            -330177474985.5681,
            709957964651.7996,
            4444301040.555298,
            -12003.139051740809,
            -4891.552424424635,
            288.88157796239625
        ]
    },
    "Saturn": {
        "mu": 3.7931206234e+16,
        "state": [
            1415642229227.292,
            97616615972.22827,
            -58062166148.78422,
            -1196.585897214322,
            9616.828736369385,
            -120.1764782487014
        ]
    },
    "Uranus": {
        "mu": 5793950610300000.0,
        "state": [
            1440633774263.0889,
            2531658218329.792,
            -9261249460.201502,
            -5968.7510279623775,
            3050.593482898619,
            88.60253443041711
        ]
    },
    "Neptune": {
        "mu": 6835099970000000.0,
        "state": [
            4467414306173.692,
            110809131133.7783,
            -105238080957.0405,
            -171.2848260947789,
            5465.766243943168,
            -108.0812461311418
        ]
    },
    "Moon": {
        "mu": 4902800066000.0,
        "state": [
            -147856153613.93558,
            16805676178.152819,
            -8335629.025946371,
            -3188.241052567629,
            -29280.37435496505,
            65.76344226642661
        ]
    },
    "Ceres": {
        "mu": 62628400000.0,
        "state": [
            316646273746.7341,
            276636776564.9151,
            -49602800965.50483,
            -12104.62127402551,
            12298.866740412279,
            2621.336187962981
        ]
    },
    "Pallas": {
        "mu": 13630000000.0,
        "state": [
            456372780185.5398,
            -139203714130.4094,
            56420179778.46913,
            2118.4946585121656,
            12314.627185078542,
            -8715.840500635146
        ]
    },
    "Vesta": {
        "mu": 17288280000.0,
        "state": [
            264568261763.95853,
            -209653324522.5029,
            -26044748706.038948,
            13571.23421339837,
            14852.43839588196,
            -2092.237430524076
        ]
    }
}